[
  {
    "title": "Смеситель на мойку кухонную, Шланг сантехнический, Шланг сантехнический",
    "link": "https://hayotbirja.uz/procedure/4720905/core",
    "prices": [
      " 9 765 000.00  UZS",
      " 9 765 000.00  UZS"
    ],
    "timeRemaining": "02:17:53"
  },
  {
    "title": "Круг шлифовальный, Гвоздь, Гвоздь",
    "link": "https://hayotbirja.uz/procedure/4724076/core",
    "prices": [
      " 929 245.00  UZS",
      " 910 660.10  UZS"
    ],
    "timeRemaining": "02:18:04"
  },
  {
    "title": "Гипсокартон, Выключатель автоматический на напряжение более 1 кВ, Плитка напольная",
    "link": "https://hayotbirja.uz/procedure/4712343/core",
    "prices": [
      " 66 930 000.00  UZS",
      " 62 914 200.00  UZS"
    ],
    "timeRemaining": "02:18:12"
  },
  {
    "title": "Тележка для посуды",
    "link": "https://hayotbirja.uz/procedure/4726294/core",
    "prices": [
      " 11 100 000.00  UZS",
      " 9 768 000.00  UZS"
    ],
    "timeRemaining": "02:18:40"
  },
  {
    "title": "Силлиқловчи доира, Саморез, Угольник",
    "link": "https://hayotbirja.uz/procedure/4721976/core",
    "prices": [
      " 15 352 000.00  UZS",
      " 15 352 000.00  UZS"
    ],
    "timeRemaining": "02:19:00"
  },
  {
    "title": "Круг отрезной",
    "link": "https://hayotbirja.uz/procedure/4724680/core",
    "prices": [
      " 8 500 000.00  UZS",
      " 7 480 000.00  UZS"
    ],
    "timeRemaining": "02:19:04"
  }
]